"","x"
"1","Admitted-Commissioner-Apr15-revised-XLS-2127K.xls"
"2","Admitted-Commissioner-Dec14-revised-XLS-2386K1.xls"
"3","Admitted-Commissioner-Feb15-revised-XLS-2387K.xls"
"4","Admitted-Commissioner-Jan15-revised-XLS-2387K.xls"
"5","Admitted-Commissioner-Mar15-revised-XLS-2388K (1).xls"
"6","Admitted-Commissioner-May15-revised-XLS-2127K.xls"
"7","Incomplete-Commissioner-Apr15-revised-XLS-2101K (1).xls"
"8","Incomplete-Commissioner-Dec14-revised-XLS-2357K.xls"
"9","Incomplete-Commissioner-Feb15-revised-XLS-2356K.xls"
"10","Incomplete-Commissioner-Jan15-revised-XLS-2357K.xls"
"11","Incomplete-Commissioner-Mar15-revised-XLS-2357K.xls"
"12","Incomplete-Commissioner-May15-revised-XLS-2102K.xls"
"13","NonAdmitted-Commissioner-Apr15-revised-XLS-2138K (1).xls"
"14","NonAdmitted-Commissioner-Dec14-revised-XLS-2397K1.xls"
"15","NonAdmitted-Commissioner-Feb15-revised-XLS-2399K.xls"
"16","NonAdmitted-Commissioner-Jan15-revised-XLS-2399K.xls"
"17","NonAdmitted-Commissioner-Mar15-XLS-2400K-41795.xls"
"18","NonAdmitted-Commissioner-May15-revised-XLS-2136K.xls"
